MUNICÍPIO;1992;1993;1994;1995;1997;1998;1999;2001;2002;2003;2004;2005;2006;2008;2009;2011;2012;2013;2014;2015;2016;2017;2018;2019;2020;2021;2022
Abadia de Goiás;-;-;-;-;3.457;3.553;3.647;5.230;5.415;5.621;6.054;6.294;6.531;6.182;6.301;7.022;7.164;7.567;7.733;7.895;8.053;8.207;8.583;8.773;8.958;9.158;19.141
Abadiânia;9.443;9.439;9.455;9.472;10.299;10.431;10.562;11.666;11.883;12.084;12.504;12.736;12.967;13.209;13.378;16.087;16.408;17.326;17.701;18.069;18.427;18.775;19.614;20.042;20.461;20.873;15.498
Acreúna;14.521;14.961;15.370;15.770;15.559;15.752;15.945;18.792;19.194;19.608;20.477;20.959;21.436;19.173;19.246;20.431;20.578;21.366;21.549;21.730;21.905;22.076;22.182;22.366;22.546;22.710;20.506
Adelândia;2.337;2.348;2.352;2.356;2.772;2.882;2.990;2.501;2.485;2.497;2.522;2.536;2.549;2.596;2.608;2.478;2.480;2.550;2.554;2.557;2.561;2.564;2.517;2.516;2.516;2.515;2.393
Água Fria de Goiás;3.989;3.996;4.006;4.015;3.679;3.601;3.524;4.527;4.573;4.621;4.722;4.778;4.833;5.243;5.318;5.138;5.184;5.395;5.451;5.507;5.560;5.613;5.676;5.735;5.793;5.843;5.546
Água Limpa;1.920;1.869;1.839;1.809;2.098;2.125;2.152;2.232;2.255;2.281;2.335;2.365;2.394;2.121;2.111;1.999;1.985;2.021;2.007;1.993;1.980;1.967;1.872;1.850;1.830;1.809;1.853
Águas Lindas de Goiás;-;-;-;-;71.752;80.516;89.200;116.122;123.730;132.076;149.598;159.294;168.919;139.804;143.179;163.495;167.477;177.890;182.526;187.072;191.499;195.810;207.070;212.440;217.698;222.850;208.892
Alexânia;17.074;17.528;18.008;18.476;19.596;20.426;21.248;20.504;20.799;21.148;21.881;22.287;22.689;20.661;20.706;24.103;24.383;25.468;25.805;26.135;26.457;26.770;27.288;27.653;28.010;28.360;28.690
Aloândia;1.978;1.922;1.891;1.860;2.033;2.042;2.050;2.144;2.157;2.170;2.198;2.213;2.229;2.121;2.118;2.045;2.040;2.089;2.084;2.079;2.075;2.071;2.005;1.995;1.986;1.976;1.891
Alto Horizonte;2.144;2.140;2.137;2.135;2.621;2.725;2.827;2.615;2.652;2.692;2.778;2.825;2.872;3.318;3.392;4.654;4.799;5.140;5.307;5.470;5.629;5.784;6.218;6.414;6.605;6.796;6.061
Alto Paraíso de Goiás;4.231;4.389;4.478;4.565;5.619;5.795;5.968;6.416;6.600;6.795;7.202;7.428;7.652;6.913;6.982;6.939;6.992;7.262;7.328;7.391;7.454;7.514;7.558;7.624;7.688;7.751;10.414
Alvorada do Norte;7.457;7.556;7.631;7.705;7.643;7.679;7.715;7.571;7.596;7.612;7.647;7.666;7.685;8.570;8.666;8.124;8.164;8.448;8.499;8.549;8.598;8.645;8.614;8.660;8.705;8.749;8.412
Amaralina;-;-;-;-;2.752;2.684;2.617;3.084;3.088;3.094;3.108;3.115;3.123;3.662;3.719;3.462;3.489;3.625;3.658;3.691;3.723;3.754;3.778;3.812;3.845;3.875;3.796
Americano do Brasil;4.841;4.826;4.811;4.795;5.233;5.305;5.376;4.937;4.948;4.955;4.970;4.978;4.986;4.811;4.795;5.552;5.595;5.813;5.866;5.918;5.969;6.018;6.057;6.111;6.164;6.220;4.937
Amorinópolis;4.345;4.285;4.220;4.157;4.196;4.107;4.018;4.109;4.085;4.058;4.000;3.968;3.936;3.549;3.484;3.568;3.529;3.570;3.528;3.487;3.447;3.408;3.185;3.126;3.069;3.011;2.982
Anápolis;244.736;249.463;254.044;258.512;271.358;276.802;282.197;288.814;293.475;298.155;307.977;313.412;318.808;331.329;335.960;338.544;342.347;357.402;361.991;366.491;370.875;375.142;381.970;386.923;391.772;396.526;393.417
Anhanguera;879;887;895;903;858;855;853;886;900;903;908;911;914;1.007;1.018;1.030;1.039;1.082;1.093;1.104;1.115;1.126;1.137;1.149;1.160;1.171;927
Anicuns;18.244;18.277;18.309;18.340;17.902;17.859;17.818;18.840;18.869;18.923;19.035;19.097;19.159;18.110;18.027;20.353;20.464;21.195;21.338;21.478;21.614;21.746;21.717;21.850;21.981;22.113;19.762
Aparecida de Goiânia;191.407;201.568;212.056;222.283;287.657;306.244;324.662;355.171;369.617;385.037;417.409;435.323;453.104;494.919;510.770;465.092;474.219;500.619;511.323;521.910;532.135;542.090;565.957;578.179;590.146;601.844;500.760
Aparecida do Rio Doce;1.908;1.930;1.951;1.973;2.328;2.420;2.511;2.462;2.511;2.562;2.668;2.727;2.786;2.830;2.871;2.429;2.431;2.501;2.505;2.510;2.514;2.517;2.474;2.474;2.474;2.474;2.918
Aporé;3.402;3.466;3.536;3.604;3.413;3.428;3.442;3.441;3.451;3.463;3.487;3.500;3.513;3.684;3.708;3.832;3.860;4.008;4.043;4.077;4.110;4.143;4.163;4.198;4.232;4.266;4.067
Araçu;3.679;3.665;3.653;3.641;3.670;3.663;3.656;4.178;4.219;4.261;4.351;4.400;4.449;3.966;3.946;3.777;3.753;3.823;3.800;3.776;3.753;3.731;3.560;3.522;3.486;3.450;3.859
Aragarças;14.180;14.496;14.839;15.173;16.790;17.500;18.205;16.912;17.192;17.470;18.054;18.378;18.698;17.777;17.883;18.436;18.564;19.267;19.426;19.583;19.736;19.884;19.959;20.118;20.273;20.410;18.096
Aragoiânia;5.045;5.139;5.244;5.345;5.924;6.105;6.284;6.643;6.792;6.962;7.320;7.519;7.715;7.589;7.702;8.514;8.659;9.108;9.278;9.444;9.607;9.765;10.116;10.308;10.496;10.680;11.614
Araguapaz;7.470;7.537;7.612;7.685;7.927;8.029;8.129;7.218;7.297;7.291;7.278;7.271;7.264;7.742;7.780;7.525;7.541;7.772;7.795;7.818;7.841;7.862;7.756;7.770;7.783;7.795;6.986
Arenópolis;4.067;4.013;3.952;3.893;3.883;3.801;3.719;3.974;3.968;3.953;3.923;3.906;3.890;3.532;3.481;3.222;3.168;3.180;3.122;3.066;3.011;2.957;2.689;2.612;2.536;2.462;2.964
Aruanã;5.037;5.138;5.242;5.344;5.424;5.499;5.573;5.022;5.134;5.152;5.190;5.212;5.232;6.879;7.056;7.680;7.859;8.335;8.542;8.746;8.945;9.138;9.635;9.875;10.110;10.340;8.139
Aurilândia;4.187;4.127;4.065;4.003;4.685;4.749;4.814;4.227;4.229;4.226;4.220;4.216;4.213;3.761;3.709;3.605;3.562;3.599;3.553;3.508;3.465;3.422;3.184;3.120;3.058;3.000;3.390
Avelinópolis;2.273;2.254;2.217;2.181;2.569;2.602;2.635;2.524;2.543;2.560;2.595;2.614;2.633;2.431;2.421;2.446;2.442;2.504;2.501;2.499;2.496;2.494;2.425;2.417;2.409;2.401;2.470
Baliza;4.246;4.321;4.408;4.494;4.049;4.041;4.033;2.042;1.879;1.698;1.317;1.106;897;3.551;3.679;3.825;3.933;4.197;4.321;4.443;4.562;4.677;4.992;5.138;5.280;5.418;3.342
Barro Alto;9.762;9.648;9.525;9.405;7.749;7.849;7.947;5.973;6.041;5.943;5.738;5.625;5.513;6.676;6.714;8.905;9.089;9.606;9.820;10.031;10.235;10.435;10.922;11.167;11.408;11.643;11.252
Bela Vista de Goiás;15.472;15.763;15.938;16.108;18.715;19.508;20.293;19.645;20.016;20.391;21.177;21.611;22.043;21.466;21.679;24.964;25.361;26.642;27.112;27.628;28.077;28.514;29.448;29.975;30.492;31.004;33.912
Bom Jardim de Goiás;8.077;8.165;8.246;8.325;8.093;8.132;8.170;8.086;8.085;8.093;8.110;8.119;8.129;8.679;8.734;8.450;8.477;8.752;8.790;8.826;8.862;8.896;8.813;8.841;8.869;8.912;7.676
Bom Jesus de Goiás;13.930;14.161;14.301;14.439;14.837;15.020;15.204;16.558;16.763;16.998;17.491;17.764;18.035;20.668;21.103;21.070;21.402;22.479;22.872;23.257;23.632;23.998;24.776;25.216;25.648;26.069;22.320
Bonfinópolis;3.421;3.484;3.557;3.628;4.466;4.606;4.744;5.584;5.780;5.978;6.394;6.624;6.853;7.157;7.336;7.704;7.866;8.319;8.508;8.694;8.876;9.052;9.488;9.706;9.919;10.120;10.300
Bonópolis;-;-;-;-;2.653;2.662;2.672;2.594;2.591;2.587;2.580;2.576;2.572;3.340;3.413;3.572;3.640;3.838;3.916;3.994;4.069;4.143;4.316;4.405;4.493;4.579;3.171
Brazabrantes;2.337;2.343;2.347;2.351;2.732;2.840;2.947;2.830;2.864;2.907;2.997;3.046;3.096;3.294;3.345;3.267;3.302;3.444;3.485;3.526;3.565;3.604;3.659;3.703;3.746;3.812;3.981
Britânia;4.822;4.905;5.004;5.101;5.549;5.722;5.893;5.343;5.404;5.462;5.583;5.651;5.717;5.203;5.190;5.527;5.544;5.724;5.748;5.772;5.795;5.817;5.761;5.779;5.797;5.815;6.008
Buriti Alegre;8.538;8.699;8.680;8.661;9.108;9.151;9.194;8.713;8.713;8.711;8.706;8.703;8.700;8.485;8.454;9.080;9.105;9.395;9.431;9.467;9.501;9.535;9.433;9.459;9.484;9.515;10.892
Buriti de Goiás;2.021;1.997;1.972;1.948;2.550;2.651;2.750;2.739;2.786;2.845;2.969;3.038;3.106;2.248;2.203;2.552;2.546;2.606;2.600;2.595;2.589;2.583;2.501;2.488;2.476;2.464;2.720
Buritinópolis;3.152;3.220;3.297;3.371;3.543;3.683;3.821;3.420;3.452;3.485;3.552;3.590;3.627;3.558;3.573;3.316;3.312;3.398;3.396;3.394;3.391;3.389;3.302;3.292;3.283;3.272;3.110
Cabeceiras;6.533;6.766;6.903;7.037;5.827;5.702;5.579;6.793;6.820;6.849;6.909;6.942;6.975;6.796;6.794;7.400;7.444;7.717;7.773;7.829;7.882;7.935;7.939;7.993;8.046;8.098;7.342
Cachoeira Alta;8.455;8.370;8.263;8.159;8.070;7.897;7.726;8.642;8.655;8.659;8.667;8.672;8.676;8.280;8.235;10.699;10.841;11.348;11.517;11.683;11.844;12.002;12.297;12.484;12.666;12.843;12.488
Cachoeira de Goiás;1.455;1.465;1.479;1.492;1.330;1.294;1.259;1.507;1.511;1.517;1.530;1.537;1.545;1.441;1.434;1.411;1.405;1.436;1.430;1.425;1.419;1.414;1.361;1.351;1.342;1.336;1.384
Cachoeira Dourada;8.621;8.692;8.778;8.863;8.024;7.852;7.682;8.503;8.530;8.532;8.537;8.539;8.542;7.666;7.571;8.233;8.214;8.414;8.399;8.384;8.369;8.355;8.102;8.067;8.031;7.997;7.566
Caçu;11.250;11.272;11.292;11.311;10.156;9.939;9.724;10.489;10.438;10.374;10.240;10.166;10.092;11.281;11.343;13.491;13.692;14.364;14.603;14.837;15.065;15.287;15.743;16.009;16.270;16.525;15.049
Caiapônia;13.625;13.535;13.362;13.194;14.282;14.332;14.382;14.738;14.832;14.907;15.062;15.148;15.233;16.397;16.559;16.917;17.072;17.773;17.962;18.148;18.329;18.505;18.715;18.913;19.107;19.304;17.108
Caldas Novas;24.931;25.708;26.412;27.098;41.705;43.472;45.222;52.771;55.026;57.516;62.744;65.637;68.508;65.970;67.588;72.071;73.616;77.899;79.705;81.477;83.220;84.900;89.087;91.162;93.196;95.183;93.483
Caldazinha;1.951;1.987;2.009;2.031;2.763;2.872;2.980;2.987;3.053;3.142;3.331;3.435;3.539;3.299;3.341;3.361;3.396;3.540;3.582;3.624;3.664;3.703;3.759;3.804;3.848;3.900;4.450
Campestre de Goiás;2.313;2.299;2.292;2.285;2.469;2.500;2.531;3.269;3.346;3.429;3.604;3.700;3.796;3.554;3.591;3.404;3.421;3.539;3.560;3.581;3.602;3.622;3.610;3.630;3.649;3.662;3.735
Campinaçu;4.403;4.338;4.272;4.208;3.755;3.675;3.596;3.608;3.544;3.468;3.309;3.221;3.133;3.892;3.908;3.652;3.649;3.745;3.744;3.743;3.741;3.740;3.649;3.640;3.632;3.628;3.707
Campinorte;8.291;8.289;8.304;8.318;8.801;8.914;9.026;9.809;9.932;10.067;10.351;10.508;10.664;10.010;10.039;11.224;11.333;11.807;11.940;12.071;12.198;12.321;12.486;12.626;12.764;12.880;13.016
Campo Alegre de Goiás;4.549;4.559;4.570;4.580;4.644;4.664;4.684;4.524;4.526;4.526;4.524;4.523;4.522;6.127;6.286;6.178;6.292;6.631;6.765;6.896;7.024;7.149;7.437;7.589;7.738;7.884;7.424
Campo Limpo de Goiás;-;-;-;-;-;-;-;4.781;4.858;4.935;5.098;5.188;5.277;5.903;6.022;6.360;6.476;6.821;6.957;7.090;7.219;7.345;7.636;7.789;7.940;8.087;8.081
Campos Belos;15.268;15.692;16.121;16.540;15.622;15.816;16.009;17.315;17.531;17.756;18.228;18.489;18.748;18.984;19.166;18.515;18.616;19.282;19.412;19.540;19.665;19.786;19.764;19.887;20.007;20.124;18.357
Campos Verdes;17.238;17.716;18.201;18.674;12.736;12.463;12.193;7.012;6.249;5.410;3.649;2.675;1.707;6.281;6.093;4.787;4.562;4.365;4.115;3.870;3.631;3.399;2.459;2.141;1.830;1.526;4.446
Carmo do Rio Verde;10.611;10.332;10.350;10.368;7.600;7.438;7.276;7.834;7.829;7.777;7.668;7.608;7.548;9.333;9.481;9.014;9.097;9.470;9.571;9.671;9.767;9.862;9.976;10.082;10.186;10.299;9.484
Castelândia;3.211;3.312;3.402;3.491;3.792;3.910;4.027;3.977;4.044;4.119;4.277;4.364;4.451;3.590;3.557;3.619;3.602;3.676;3.659;3.642;3.626;3.610;3.464;3.435;3.407;3.380;2.978
Catalão;56.456;58.022;59.610;61.159;59.383;60.118;60.853;65.479;66.414;67.446;69.459;70.574;71.680;79.618;81.109;88.353;90.004;94.896;96.836;98.737;100.590;102.393;106.618;108.823;110.983;113.091;110.612
Caturaí;4.158;4.221;4.260;4.299;4.096;4.088;4.080;4.348;4.371;4.390;4.431;4.453;4.475;4.639;4.667;4.713;4.740;4.910;4.944;4.977;5.010;5.041;5.038;5.070;5.101;5.132;5.259
Cavalcante;8.178;8.188;8.202;8.216;9.863;10.163;10.460;9.253;9.359;9.456;9.660;9.773;9.885;10.290;10.398;9.411;9.429;9.719;9.747;9.775;9.803;9.829;9.693;9.709;9.725;9.740;10.991
Ceres;22.892;22.963;23.003;23.042;21.336;20.812;20.292;19.287;19.268;19.211;19.092;19.026;18.960;19.114;19.069;20.824;20.924;21.652;21.782;21.909;22.034;22.155;22.074;22.191;22.306;22.407;21.633
Cezarina;5.899;6.012;6.134;6.253;6.331;6.412;6.493;6.582;6.676;6.751;6.909;6.996;7.083;7.715;7.832;7.624;7.701;8.026;8.119;8.210;8.299;8.386;8.507;8.606;8.703;8.794;7.722
Chapadão do Céu;1.713;1.746;1.781;1.816;2.758;2.866;2.974;4.031;4.222;4.428;4.861;5.100;5.338;5.673;5.863;7.248;7.488;8.042;8.318;8.589;8.853;9.110;9.842;10.167;10.486;10.797;13.250
Cidade Ocidental;30.702;32.061;33.447;34.800;34.879;36.355;37.819;41.769;42.769;43.879;46.209;47.499;48.778;51.303;52.380;57.108;58.262;61.552;62.903;64.229;65.520;66.777;69.829;71.376;72.890;74.370;84.581
Cocalzinho de Goiás;10.355;10.328;10.313;10.300;13.253;13.657;14.057;15.121;15.524;15.940;16.815;17.299;17.779;15.246;15.296;17.620;17.827;18.623;18.871;19.115;19.352;19.583;19.971;20.240;20.504;20.771;24.018
Colinas do Sul;3.561;3.624;3.700;3.774;3.486;3.501;3.516;3.733;3.753;3.777;3.827;3.855;3.882;3.999;4.026;3.509;3.496;3.575;3.563;3.551;3.540;3.529;3.404;3.382;3.360;3.339;3.967
Córrego do Ouro;3.224;3.174;3.122;3.071;3.106;3.022;2.939;2.947;2.907;2.876;2.811;2.775;2.739;2.666;2.632;2.606;2.581;2.616;2.590;2.564;2.539;2.514;2.364;2.327;2.290;2.254;2.424
Corumbá de Goiás;9.299;9.275;9.262;9.249;8.431;8.251;8.072;9.510;9.758;9.795;9.872;9.915;9.957;9.408;9.372;10.413;10.464;10.829;10.896;10.961;11.024;11.086;11.050;11.110;11.169;11.223;9.801
Corumbaíba;5.396;5.350;5.269;5.190;6.061;6.139;6.216;6.780;6.892;7.002;7.233;7.360;7.487;8.447;8.624;8.298;8.412;8.809;8.945;9.077;9.206;9.332;9.574;9.723;9.869;10.012;8.739
Cristalina;25.807;26.536;27.263;27.971;29.738;30.998;32.245;35.200;36.047;36.944;38.825;39.867;40.900;38.125;38.504;47.537;48.463;51.149;52.235;53.300;54.337;55.347;57.759;58.997;60.210;61.385;58.940
Cristianópolis;2.436;2.498;2.550;2.601;2.794;2.905;3.014;2.987;3.038;3.091;3.202;3.263;3.324;3.153;3.174;2.933;2.934;3.016;3.020;3.023;3.026;3.029;2.968;2.966;2.964;2.962;3.682
Crixás;19.512;19.712;19.931;20.145;15.562;15.180;14.801;14.082;13.714;13.269;12.335;11.818;11.305;14.986;15.005;15.843;15.925;16.487;16.592;16.695;16.795;16.893;16.852;16.949;17.044;17.136;20.227
Cromínia;3.398;3.413;3.419;3.425;3.764;3.816;3.867;3.685;3.715;3.740;3.793;3.823;3.852;3.725;3.729;3.547;3.540;3.627;3.622;3.616;3.611;3.606;3.500;3.486;3.472;3.458;3.926
Cumari;2.830;2.782;2.736;2.692;3.142;3.182;3.222;3.131;3.152;3.173;3.219;3.244;3.269;3.143;3.145;2.953;2.943;3.010;3.001;2.992;2.983;2.975;2.871;2.854;2.837;2.820;2.915
Damianópolis;3.675;3.689;3.696;3.702;3.452;3.379;3.306;3.257;3.225;3.188;3.112;3.070;3.028;3.646;3.678;3.291;3.291;3.381;3.383;3.385;3.387;3.389;3.315;3.311;3.306;3.302;3.790
Damolândia;2.630;2.647;2.672;2.696;2.642;2.653;2.665;2.565;2.569;2.567;2.563;2.560;2.558;2.789;2.809;2.760;2.774;2.869;2.886;2.903;2.919;2.935;2.923;2.938;2.953;2.944;2.724
Davinópolis;2.077;2.044;2.010;1.978;2.072;2.066;2.060;2.108;2.107;2.033;2.031;2.030;2.029;2.073;2.075;2.058;2.060;2.119;2.123;2.126;2.130;2.133;2.094;2.094;2.094;2.094;1.798
Diorama;2.579;2.545;2.503;2.462;2.755;2.767;2.778;2.481;2.469;2.455;2.427;2.411;2.395;2.269;2.243;2.478;2.477;2.544;2.545;2.545;2.546;2.547;2.488;2.484;2.479;2.477;2.071
Divinópolis de Goiás;5.080;5.131;5.179;5.225;5.004;4.994;4.985;5.191;5.203;5.217;5.247;5.264;5.281;5.537;5.570;4.946;4.931;5.046;5.032;5.020;5.007;4.995;4.830;4.804;4.778;4.701;4.441
Doverlândia;10.503;10.774;11.028;11.277;7.289;7.133;6.979;8.347;8.210;8.048;7.709;7.521;7.335;8.576;8.570;7.841;7.792;7.938;7.890;7.842;7.795;7.750;7.398;7.322;7.247;7.174;6.853
Edealina;4.140;4.228;4.313;4.397;3.691;3.613;3.535;3.768;3.753;3.730;3.682;3.655;3.629;3.822;3.821;3.728;3.723;3.819;3.816;3.814;3.811;3.809;3.710;3.699;3.688;3.678;3.900
Edéia;8.955;8.955;8.935;8.916;10.741;11.068;11.392;10.364;10.481;10.600;10.851;10.990;11.128;10.577;10.604;11.346;11.424;11.854;11.952;12.047;12.140;12.231;12.276;12.372;12.467;12.559;12.666
Estrela do Norte;3.428;3.458;3.490;3.521;3.531;3.546;3.561;3.383;3.400;3.401;3.404;3.405;3.406;3.242;3.223;3.314;3.309;3.393;3.389;3.386;3.382;3.379;3.286;3.275;3.264;3.253;3.186
Faina;7.878;7.785;7.685;7.588;7.555;7.394;7.234;7.337;7.296;7.239;7.119;7.053;6.987;7.063;7.020;6.950;6.918;7.064;7.034;7.004;6.975;6.947;6.678;6.627;6.576;6.527;7.054
Fazenda Nova;7.061;6.969;6.881;6.794;7.637;7.735;7.832;7.081;7.078;7.071;7.056;7.048;7.040;6.469;6.399;6.263;6.206;6.298;6.239;6.181;6.125;6.070;5.722;5.637;5.553;5.471;5.871
Firminópolis;9.726;9.709;9.688;9.667;9.643;9.624;9.605;9.918;9.941;9.956;9.987;10.004;10.021;10.664;10.732;11.708;11.833;12.342;12.492;12.640;12.783;12.923;13.131;13.292;13.449;13.604;9.904
Flores de Goiás;5.188;5.308;5.415;5.520;5.438;5.513;5.587;7.820;8.028;8.267;8.767;9.045;9.320;11.122;11.483;12.415;12.754;13.596;13.988;14.372;14.747;15.111;16.100;16.557;17.005;17.415;11.627
Formosa;62.309;63.999;65.751;67.459;72.293;75.354;78.388;80.919;82.545;84.353;88.147;90.247;92.331;94.717;96.284;101.730;103.322;108.503;110.388;112.236;114.036;115.789;119.506;121.617;123.684;125.705;112.542
Formoso;6.043;5.959;5.869;5.780;5.789;5.665;5.542;5.510;5.469;5.414;5.297;5.233;5.168;5.356;5.327;4.829;4.777;4.835;4.780;4.726;4.674;4.623;4.325;4.248;4.172;4.098;4.658
Gameleira de Goiás;-;-;-;-;-;-;-;2.630;2.658;2.687;2.748;2.782;2.816;3.492;3.582;3.327;3.378;3.545;3.605;3.664;3.721;3.777;3.753;3.818;3.880;3.923;3.450
Goianápolis;7.457;7.631;7.811;7.987;10.568;10.890;11.209;11.054;11.394;11.730;12.435;12.825;13.212;11.580;11.663;10.697;10.699;11.001;11.013;11.024;11.460;11.471;11.239;11.231;11.224;11.217;14.036
Goiandira;5.352;5.330;5.312;5.295;5.032;4.925;4.819;4.921;4.883;4.843;4.761;4.716;4.671;5.074;5.081;5.288;5.310;5.491;5.520;5.549;5.578;5.605;5.574;5.600;5.625;5.650;5.023
Goianésia;45.018;46.327;47.595;48.832;47.001;47.583;48.165;49.724;50.344;50.893;52.046;52.684;53.317;56.169;56.839;60.346;61.118;63.938;64.861;65.767;66.649;67.507;69.072;70.084;71.075;72.045;73.201
Goiânia;940.757;957.564;973.626;989.285;1.022.759;1.039.230;1.056.330;1.111.622;1.129.274;1.146.106;1.181.438;1.201.006;1.220.412;1.265.394;1.281.975;1.318.148;1.333.767;1.393.579;1.412.364;1.430.697;1.448.639;1.466.105;1.495.705;1.516.113;1.536.097;1.555.626;1.414.483
Goianira;11.255;11.507;11.778;12.043;15.988;16.665;17.336;19.660;20.362;21.125;22.727;23.613;24.492;25.647;26.336;34.851;35.617;37.713;38.607;39.484;40.338;41.169;43.260;44.289;45.296;46.278;69.511
Goiás;27.837;27.890;27.939;27.987;27.974;28.072;28.170;27.010;26.981;26.916;26.780;26.705;26.631;24.859;24.605;24.543;24.366;24.793;24.615;24.439;24.269;24.103;22.916;22.645;22.381;22.122;23.485
Goiatuba;32.913;33.282;33.652;34.012;30.199;30.305;30.411;31.253;31.397;31.520;31.780;31.924;32.066;32.220;32.304;32.597;32.698;33.759;33.902;34.043;34.179;34.312;33.986;34.095;34.202;34.307;36.936
Gouvelândia;4.026;4.002;3.942;3.882;3.950;3.866;3.783;3.993;3.982;3.970;3.944;3.929;3.915;4.721;4.790;5.021;5.091;5.334;5.417;5.499;5.578;5.656;5.806;5.898;5.988;6.076;5.127
Guapó;11.896;12.048;12.168;12.285;12.602;12.764;12.924;14.109;14.312;14.520;14.957;15.199;15.439;13.974;13.973;13.985;13.994;14.397;14.419;14.441;14.462;14.482;14.211;14.209;14.207;14.206;17.463
Guaraíta;2.734;2.739;2.744;2.749;2.961;2.999;3.036;2.799;2.808;2.814;2.827;2.835;2.842;2.411;2.370;2.344;2.313;2.333;2.300;2.268;2.237;2.206;2.041;1.996;1.951;1.905;2.169
Guarani de Goiás;5.760;5.873;5.992;6.108;4.613;4.515;4.418;4.570;4.482;4.391;4.199;4.093;3.988;4.151;4.093;4.226;4.195;4.267;4.235;4.204;4.174;4.145;3.940;3.893;3.846;3.801;4.024
Guarinos;3.753;3.789;3.824;3.858;3.091;3.008;2.925;2.741;2.662;2.577;2.399;2.301;2.203;2.424;2.379;2.257;2.217;2.221;2.177;2.134;2.093;2.052;1.852;1.794;1.737;1.681;2.167
Heitoraí;2.949;2.915;2.867;2.821;2.954;2.945;2.936;3.506;3.534;3.576;3.663;3.711;3.758;3.684;3.706;3.581;3.591;3.704;3.718;3.731;3.744;3.757;3.714;3.724;3.733;3.742;3.146
Hidrolândia;10.350;10.483;10.587;10.689;11.370;11.516;11.660;12.999;13.682;13.958;14.539;14.860;15.179;14.577;14.718;17.729;18.050;19.015;19.392;19.761;20.121;20.472;21.278;21.706;22.124;22.533;27.530
Hidrolina;4.993;5.005;5.016;5.028;4.272;4.181;4.091;4.479;4.457;4.415;4.327;4.278;4.229;4.231;4.195;3.989;3.951;4.006;3.966;3.927;3.889;3.852;3.622;3.564;3.508;3.450;4.848
Iaciara;9.850;9.926;10.025;10.121;10.068;10.116;10.163;11.385;11.450;11.523;11.674;11.758;11.841;12.672;12.855;12.539;12.648;13.159;13.292;13.423;13.551;13.675;13.808;13.947;14.082;14.215;11.462
Inaciolândia;5.021;5.080;5.137;5.192;5.022;5.044;5.065;5.270;5.298;5.326;5.384;5.416;5.447;5.887;5.949;5.734;5.769;5.979;6.023;6.066;6.107;6.148;6.152;6.194;6.235;6.275;5.958
Indiara;10.147;10.383;10.629;10.868;11.991;12.356;12.718;12.038;12.231;12.424;12.828;13.052;13.274;13.230;13.364;13.831;13.970;14.560;14.729;14.895;15.056;15.213;15.431;15.611;15.787;15.962;16.829
Inhumas;38.774;39.329;39.766;40.192;40.997;41.223;41.726;44.552;45.060;45.600;46.734;47.361;47.984;46.555;46.786;48.580;48.903;50.736;51.144;51.543;51.932;52.311;52.465;52.866;53.259;53.655;53.315
Ipameri;20.808;20.875;20.911;20.947;22.304;22.580;22.856;22.799;23.014;23.193;23.569;23.777;23.984;23.911;24.021;24.897;25.054;25.980;26.178;26.373;26.563;26.747;26.792;26.985;27.174;27.365;24.617
Ipiranga de Goiás;-;-;-;-;-;-;-;2.804;2.801;2.793;2.776;2.766;2.757;2.900;2.906;2.846;2.848;2.930;2.935;2.940;2.944;2.948;2.893;2.893;2.893;2.892;2.907
Iporá;30.081;30.432;30.770;31.099;31.751;32.144;32.537;31.473;31.639;31.797;32.127;32.310;32.491;32.002;32.045;31.272;31.271;32.143;32.169;32.194;32.218;32.242;31.563;31.531;31.499;31.471;35.284
Israelândia;3.289;3.239;3.185;3.134;3.428;3.443;3.457;2.952;2.930;2.896;2.823;2.783;2.744;2.891;2.876;2.878;2.870;2.938;2.930;2.923;2.916;2.910;2.815;2.800;2.786;2.772;2.543
Itaberaí;24.643;24.776;24.741;24.707;26.802;27.134;27.466;28.224;28.516;28.811;29.432;29.775;30.116;31.965;32.356;35.946;36.503;38.324;38.983;39.629;40.259;40.872;42.163;42.900;43.622;44.329;47.016
Itaguari;4.020;3.953;3.893;3.835;4.398;4.459;4.519;4.306;4.448;4.477;4.539;4.573;4.607;4.369;4.364;4.523;4.533;4.673;4.688;4.703;4.717;4.730;4.668;4.676;4.685;4.684;4.939
Itaguaru;6.322;6.242;6.147;6.055;5.267;5.155;5.044;5.637;5.537;5.464;5.309;5.224;5.139;5.605;5.591;5.417;5.398;5.521;5.504;5.488;5.472;5.456;5.269;5.237;5.206;5.184;4.906
Itajá;6.076;6.097;6.077;6.058;5.659;5.539;5.420;5.697;5.730;5.766;5.842;5.884;5.926;5.544;5.528;5.017;4.973;5.050;5.005;4.961;4.918;4.876;4.605;4.539;4.475;4.412;4.468
Itapaci;12.818;12.935;13.063;13.189;13.604;13.772;13.940;14.095;14.200;14.325;14.587;14.732;14.876;16.806;17.086;18.805;19.142;20.161;20.557;20.945;21.323;21.691;22.533;22.981;23.421;23.850;21.547
Itapirapuã;8.922;8.805;8.693;8.583;9.177;9.221;9.264;11.144;11.236;11.412;11.782;11.986;12.189;8.084;7.792;7.603;7.379;7.264;7.017;6.776;6.541;6.312;5.316;4.997;4.685;4.380;7.987
Itapuranga;28.548;28.597;28.647;28.696;27.807;27.742;27.677;26.512;26.373;26.202;25.844;25.646;25.450;25.337;25.170;26.078;26.033;26.695;26.667;26.639;26.612;26.586;25.856;25.768;25.681;25.597;28.522
Itarumã;5.891;5.889;5.903;5.916;5.993;6.022;6.050;5.396;5.359;5.319;5.234;5.187;5.141;5.491;5.490;6.366;6.429;6.700;6.777;6.853;6.927;6.998;7.097;7.178;7.259;7.337;7.029
Itauçu;8.521;8.441;8.333;8.228;8.277;8.100;7.925;8.108;8.193;8.153;8.071;8.026;7.981;9.046;9.117;8.598;8.620;8.893;8.925;8.957;8.988;9.019;8.916;8.938;8.960;8.968;8.693
Itumbiara;75.557;76.446;77.294;78.122;79.846;80.835;81.823;82.086;82.872;83.541;84.947;85.724;86.496;91.843;92.832;93.762;94.613;98.484;99.526;100.548;101.544;102.513;103.652;104.742;105.809;106.845;113.838
Ivolândia;2.956;2.909;2.861;2.814;3.157;3.170;3.184;2.984;2.987;2.985;2.981;2.978;2.976;2.764;2.738;2.638;2.614;2.651;2.626;2.601;2.577;2.554;2.406;2.370;2.334;2.295;2.664
Jandaia;6.451;6.428;6.407;6.386;6.783;6.815;6.847;6.166;6.314;6.301;6.274;6.259;6.244;6.578;6.596;6.150;6.138;6.291;6.281;6.272;6.263;6.254;6.073;6.048;6.025;6.001;6.273
Jaraguá;27.818;27.537;27.243;26.957;29.911;30.281;30.651;33.891;34.357;34.855;35.901;36.479;37.053;41.014;41.772;42.529;43.167;45.291;46.048;46.790;47.513;48.216;49.667;50.511;51.338;52.160;43.928
Jataí;63.487;64.207;64.920;65.614;72.812;75.890;78.945;76.986;78.147;79.398;82.025;83.479;84.922;85.491;86.447;88.970;89.902;93.759;94.890;95.998;97.077;98.128;99.674;100.882;102.065;103.221;104.656
Jaupaci;3.190;3.220;3.250;3.279;2.793;2.717;2.643;3.152;3.154;3.154;3.154;3.154;3.154;3.070;3.059;2.988;2.977;3.044;3.034;3.024;3.014;3.004;2.898;2.879;2.860;2.843;2.934
Jesúpolis;2.063;2.037;2.011;1.986;2.081;2.075;2.069;2.125;2.129;2.132;2.138;2.141;2.144;2.281;2.296;2.314;2.327;2.411;2.428;2.444;2.460;2.476;2.474;2.490;2.506;2.497;2.113
Joviânia;6.555;6.456;6.471;6.486;6.669;6.701;6.732;6.959;7.005;7.052;7.151;7.205;7.260;6.918;6.914;7.134;7.151;7.374;7.398;7.422;7.445;7.468;7.372;7.387;7.402;7.417;7.164
Jussara;21.209;21.441;21.679;21.911;19.676;19.192;18.713;19.928;19.848;19.762;19.581;19.481;19.381;19.229;19.130;19.085;19.020;19.458;19.402;19.346;19.292;19.239;18.587;18.478;18.371;18.266;19.582
Lagoa Santa;-;-;-;-;-;-;-;927;933;939;951;958;965;1.308;1.346;1.280;1.305;1.377;1.406;1.435;1.463;1.490;1.555;1.588;1.621;1.652;1.568
Leopoldo de Bulhões;7.558;7.781;7.965;8.144;7.881;7.982;8.083;7.787;7.848;7.886;7.966;8.010;8.054;9.362;9.518;7.891;7.900;8.133;8.150;8.167;7.758;7.773;7.643;7.647;7.651;7.663;8.777
Luziânia;189.092;197.459;205.998;214.324;113.700;119.676;125.597;148.453;154.228;160.330;173.138;180.227;187.262;203.800;210.064;177.098;179.582;188.181;191.139;194.039;196.864;199.615;205.023;208.299;211.508;214.645;196.416
Mairipotaba;2.652;2.646;2.637;2.629;2.619;2.611;2.604;2.371;2.348;2.322;2.269;2.239;2.209;2.775;2.811;2.372;2.370;2.433;2.433;2.432;2.432;2.432;2.373;2.368;2.363;2.358;2.476
Mambaí;4.075;4.163;4.261;4.357;4.692;4.838;4.983;4.926;5.026;5.113;5.296;5.397;5.497;6.891;7.096;7.027;7.178;7.596;7.772;7.945;8.106;8.271;8.680;8.882;9.081;9.277;8.144
Mara Rosa;15.781;15.750;15.728;15.705;11.698;11.410;11.125;11.838;11.760;11.677;11.503;11.406;11.311;10.516;10.360;10.550;10.455;10.610;10.511;10.414;10.320;10.228;9.646;9.503;9.363;9.234;10.705
Marzagão;1.444;1.473;1.503;1.533;1.944;2.021;2.097;1.984;2.028;2.079;2.184;2.243;2.301;2.137;2.157;2.084;2.095;2.169;2.184;2.198;2.212;2.226;2.223;2.236;2.250;2.263;2.764
Matrinchã;3.915;3.950;3.987;4.022;4.520;4.661;4.801;4.600;4.657;4.721;4.854;4.928;5.001;4.433;4.420;4.406;4.398;4.510;4.505;4.500;4.495;4.490;4.366;4.351;4.336;4.321;4.042
Maurilândia;7.445;7.723;7.905;8.083;9.151;9.429;9.706;9.194;9.316;9.477;9.815;10.001;10.187;11.367;11.604;11.717;11.907;12.513;12.737;12.956;13.170;13.379;13.829;14.080;14.327;14.568;9.684
Mimoso de Goiás;3.665;3.619;3.559;3.501;2.505;2.437;2.370;2.684;2.601;2.509;2.314;2.206;2.100;2.930;2.941;2.676;2.668;2.730;2.723;2.715;2.708;2.702;2.612;2.597;2.583;2.575;2.572
Minaçu;32.743;33.097;33.464;33.823;36.149;36.597;37.044;33.763;33.886;34.015;34.285;34.435;34.584;31.647;31.417;30.966;30.784;31.384;31.206;31.031;30.862;30.696;29.353;29.070;28.793;28.518;26.994
Mineiros;32.145;33.141;34.049;34.933;34.248;34.672;35.096;39.831;40.682;41.452;43.067;43.961;44.848;47.500;48.329;54.003;55.036;58.062;59.275;60.464;61.623;62.750;65.420;66.801;68.154;69.477;71.108
Moiporá;2.208;2.175;2.139;2.105;2.007;1.952;1.899;1.995;1.974;1.952;1.904;1.878;1.852;1.881;1.865;1.743;1.724;1.744;1.724;1.704;1.684;1.666;1.557;1.529;1.501;1.471;1.701
Monte Alegre de Goiás;8.146;8.144;8.225;8.304;6.719;6.576;6.433;6.776;6.666;6.561;6.341;6.219;6.098;7.418;7.466;7.794;7.857;8.166;8.243;8.319;8.392;8.464;8.527;8.606;8.684;8.759;6.643
Montes Claros de Goiás;8.329;8.219;8.114;8.012;7.995;7.824;7.655;7.939;7.894;7.850;7.756;7.703;7.652;8.069;8.070;7.987;7.987;8.210;8.217;8.224;8.230;8.236;8.063;8.055;8.047;8.037;9.530
Montividiu;5.574;5.713;5.766;5.818;6.533;6.732;6.929;7.970;8.186;8.396;8.834;9.077;9.318;9.766;9.965;10.790;11.001;11.611;11.858;12.101;12.337;12.566;13.115;13.396;13.672;13.935;12.716
Montividiu do Norte;2.417;2.383;2.347;2.312;2.650;2.683;2.717;3.950;4.068;4.197;4.469;4.620;4.769;4.621;4.702;4.148;4.173;4.325;4.356;4.387;4.417;4.447;4.449;4.479;4.509;4.538;3.647
Morrinhos;32.566;32.718;32.776;32.832;33.686;33.805;33.922;37.458;37.915;38.345;39.246;39.745;40.241;40.512;40.838;41.803;42.135;43.792;44.204;44.607;45.000;45.382;45.716;46.136;46.548;46.955;49.965
Morro Agudo de Goiás;2.478;2.438;2.398;2.359;2.289;2.227;2.166;2.487;2.481;2.478;2.470;2.466;2.462;2.391;2.379;2.346;2.336;2.387;2.378;2.369;2.360;2.351;2.264;2.248;2.232;2.217;2.440
Mossâmedes;6.890;6.812;6.724;6.639;6.291;6.157;6.023;5.655;5.545;5.427;5.180;5.044;4.908;4.988;4.901;4.946;4.888;4.940;4.878;4.817;4.758;4.700;4.377;4.290;4.206;4.120;4.791
Mozarlândia;10.205;10.303;10.406;10.506;10.239;10.288;10.336;11.238;11.419;11.527;11.754;11.880;12.005;13.815;14.073;13.574;13.739;14.360;14.558;14.752;14.941;15.125;15.444;15.659;15.870;16.077;15.284
Mundo Novo;5.461;5.437;5.419;5.402;5.562;5.586;5.609;8.458;8.663;8.920;9.460;9.759;10.055;6.916;6.787;6.310;6.186;6.180;6.046;5.914;5.786;5.661;5.066;4.887;4.713;4.540;6.273
Mutunópolis;3.980;3.933;3.873;3.815;4.416;4.477;4.538;3.945;3.936;3.925;3.904;3.892;3.880;4.078;4.086;3.841;3.833;3.928;3.922;3.917;3.911;3.906;3.793;3.778;3.764;3.749;3.574
Nazário;6.308;6.375;6.435;6.493;6.861;6.949;7.036;6.702;6.712;6.750;6.830;6.873;6.917;7.536;7.622;7.969;8.062;8.421;8.532;8.641;8.747;8.850;9.022;9.142;9.260;9.375;9.247
Nerópolis;13.338;13.700;14.024;14.339;16.037;16.716;17.389;19.260;19.754;20.300;21.447;22.081;22.710;20.120;20.260;24.642;25.061;26.364;26.857;27.341;27.812;28.271;29.293;29.850;30.395;30.931;33.898
Niquelândia;41.314;41.772;42.236;42.688;35.059;34.197;33.343;38.316;38.115;37.902;37.456;37.208;36.963;39.720;39.803;42.652;42.933;44.540;44.895;45.243;45.582;45.913;46.039;46.388;46.730;47.064;35.609
Nova América;1.911;1.951;1.919;1.888;2.216;2.244;2.272;2.203;2.219;2.235;2.269;2.287;2.305;2.271;2.278;2.265;2.271;2.342;2.350;2.358;2.366;2.373;2.346;2.352;2.357;2.362;2.331
Nova Aurora;1.835;1.832;1.826;1.820;1.908;1.916;1.924;1.934;1.944;1.952;1.969;1.978;1.988;2.184;2.209;2.072;2.083;2.155;2.168;2.181;2.194;2.206;2.199;2.210;2.222;2.236;2.103
Nova Crixás;11.442;11.711;11.988;12.258;10.070;9.855;9.641;11.060;11.052;11.048;11.040;11.035;11.031;13.221;13.432;11.993;12.058;12.488;12.571;12.653;12.732;12.810;12.791;12.869;12.945;13.020;13.325
Nova Glória;8.314;8.274;8.168;8.065;9.250;9.369;9.486;9.002;9.036;9.079;9.169;9.218;9.268;8.668;8.632;8.475;8.443;8.633;8.604;8.575;8.548;8.521;8.218;8.164;8.112;8.063;8.307
Nova Iguaçu de Goiás;3.342;3.336;3.331;3.327;2.748;2.674;2.601;2.676;2.620;2.561;2.438;2.369;2.302;2.687;2.678;2.832;2.839;2.926;2.935;2.944;2.953;2.961;2.923;2.929;2.934;2.939;3.010
Nova Roma;4.771;4.814;4.859;4.903;3.898;3.815;3.733;3.571;3.507;3.410;3.205;3.092;2.979;3.644;3.633;3.452;3.434;3.504;3.487;3.470;3.453;3.437;3.293;3.264;3.236;3.208;3.076
Nova Veneza;4.998;4.967;4.951;4.935;6.029;6.218;6.404;6.543;6.711;6.849;7.138;7.298;7.457;7.168;7.240;8.261;8.388;8.806;8.957;9.105;9.249;9.389;9.684;9.853;10.018;10.193;9.152
Novo Brasil;4.779;4.764;4.748;4.733;4.450;4.356;4.262;4.110;4.051;3.991;3.864;3.794;3.725;3.454;3.377;3.468;3.420;3.445;3.392;3.341;3.291;3.242;2.985;2.913;2.843;2.775;3.605
Novo Gama;-;-;-;-;64.416;67.801;71.155;77.952;80.660;83.575;89.694;93.081;96.442;87.558;88.835;96.602;98.135;103.085;104.899;106.677;108.410;110.096;113.679;115.711;117.703;119.649;97.976
Novo Planalto;4.505;4.599;4.692;4.783;3.648;3.571;3.494;3.305;3.230;3.136;2.938;2.829;2.721;4.191;4.266;3.996;4.036;4.204;4.252;4.298;4.343;4.387;4.445;4.495;4.544;4.592;3.698
Orizona;12.516;12.520;12.542;12.563;13.264;13.428;13.592;13.124;13.192;13.251;13.373;13.440;13.508;15.015;15.201;14.395;14.487;15.024;15.140;15.254;15.364;15.472;15.502;15.615;15.725;15.834;16.127
Ouro Verde de Goiás;4.296;4.349;4.389;4.429;4.587;4.651;4.713;4.353;4.379;4.388;4.409;4.420;4.431;4.580;4.599;4.009;3.986;4.062;4.039;4.016;3.993;3.971;3.797;3.759;3.723;3.679;4.060
Ouvidor;3.746;3.780;3.816;3.850;4.079;4.135;4.191;4.326;4.391;4.446;4.562;4.627;4.691;4.952;5.017;5.559;5.648;5.933;6.038;6.142;6.242;6.340;6.549;6.667;6.782;6.895;7.192
Padre Bernardo;16.794;17.558;18.039;18.508;16.949;17.009;17.068;22.108;22.569;23.059;24.086;24.655;25.220;27.429;28.012;28.144;28.601;30.059;30.599;31.129;31.646;32.148;33.228;33.835;34.430;35.011;34.314
Palestina de Goiás;3.117;3.063;3.013;2.964;3.409;3.452;3.495;3.327;3.335;3.348;3.375;3.390;3.405;3.319;3.317;3.376;3.381;3.482;3.490;3.499;3.507;3.514;3.460;3.464;3.467;3.470;3.505
Palmeiras de Goiás;16.544;16.584;16.561;16.538;17.933;18.155;18.377;17.868;18.072;18.188;18.431;18.566;18.699;22.353;22.798;23.761;24.171;25.437;25.920;26.393;26.855;27.304;28.313;28.858;29.392;29.915;32.004
Palmelo;2.150;2.167;2.188;2.207;2.188;2.197;2.207;2.333;2.348;2.366;2.404;2.426;2.446;2.324;2.324;2.337;2.339;2.407;2.412;2.416;2.420;2.424;2.380;2.381;2.381;2.382;2.293
Palminópolis;3.559;3.502;3.445;3.388;3.429;3.356;3.284;3.564;3.547;3.540;3.526;3.518;3.511;3.745;3.761;3.557;3.557;3.656;3.659;3.661;3.664;3.667;3.589;3.585;3.582;3.578;3.848
Panamá;2.457;2.414;2.374;2.335;2.647;2.680;2.714;2.812;2.834;2.861;2.917;2.948;2.979;2.678;2.665;2.675;2.668;2.733;2.728;2.722;2.717;2.712;2.627;2.615;2.603;2.590;2.968
Paranaiguara;7.569;7.646;7.722;7.796;8.625;8.888;9.148;8.268;8.342;8.412;8.558;8.639;8.719;7.899;7.862;9.170;9.238;9.593;9.678;9.760;9.841;9.919;9.972;10.057;10.140;10.221;9.497
Paraúna;9.647;9.564;9.442;9.323;11.605;11.959;12.309;10.927;11.045;11.143;11.348;11.462;11.575;11.283;11.319;10.865;10.868;11.175;11.187;11.199;11.210;11.221;10.995;10.988;10.980;10.988;10.383
Perolândia;1.456;1.472;1.489;1.505;1.896;1.971;2.045;2.949;3.076;3.208;3.486;3.639;3.792;2.829;2.830;2.962;2.975;3.074;3.090;3.105;3.121;3.135;3.116;3.129;3.143;3.156;3.175
Petrolina de Goiás;10.611;10.448;10.315;10.185;10.025;9.811;9.598;10.337;10.305;10.270;10.196;10.155;10.115;10.099;10.061;10.275;10.269;10.545;10.546;10.547;10.548;10.548;10.301;10.281;10.261;10.240;8.854
Pilar de Goiás;4.751;4.688;4.617;4.548;3.721;3.642;3.564;3.157;3.022;2.875;2.566;2.395;2.226;2.872;2.821;2.730;2.688;2.703;2.658;2.614;2.571;2.529;2.314;2.253;2.194;2.135;2.332
Piracanjuba;22.449;22.536;22.576;22.613;22.791;22.871;22.951;23.673;23.790;23.899;24.126;24.252;24.377;24.008;24.033;24.062;23.987;24.708;24.768;24.772;24.830;24.885;24.499;24.524;24.548;24.543;23.771
Piranhas;12.971;13.096;13.227;13.353;11.929;11.673;11.421;12.216;12.177;12.126;12.019;11.959;11.900;11.324;11.215;11.188;11.112;11.314;11.238;11.164;11.092;11.022;10.501;10.385;10.272;10.161;11.532
Pirenópolis;24.683;24.481;24.220;23.965;20.906;20.857;20.808;21.216;21.244;21.243;21.241;21.241;21.240;20.990;20.945;23.141;23.272;24.111;24.279;24.444;24.604;24.761;24.749;24.908;25.064;25.218;26.598
Pires do Rio;22.350;22.685;22.937;23.183;26.405;27.523;28.631;26.600;27.091;27.491;28.332;28.796;29.258;27.792;27.928;28.956;29.145;30.232;30.469;30.703;30.930;31.151;31.225;31.458;31.686;31.909;33.193
Planaltina;41.642;42.779;43.950;45.092;61.636;64.246;66.832;77.882;80.770;84.043;90.914;94.717;98.491;79.162;79.651;82.258;82.847;86.014;86.751;87.474;88.178;88.863;89.181;89.918;90.640;91.345;108.846
Pontalina;15.457;15.497;15.524;15.551;16.416;16.619;16.822;16.702;16.791;16.901;17.130;17.257;17.383;16.688;16.687;17.164;17.207;17.749;17.811;17.873;17.933;17.991;17.777;17.819;17.860;17.899;18.843
Porangatu;41.604;42.115;42.583;43.039;38.740;38.877;39.011;39.696;39.833;39.944;40.178;40.307;40.436;40.420;40.469;42.567;42.773;44.265;44.534;44.798;45.055;45.305;45.151;45.394;45.633;45.866;44.061
Porteirão;-;-;-;-;2.635;2.644;2.653;2.849;2.869;2.890;2.934;2.959;2.983;3.129;3.158;3.387;3.427;3.577;3.624;3.670;3.715;3.758;3.830;3.881;3.931;3.979;4.085
Portelândia;3.083;3.166;3.232;3.297;3.164;3.177;3.191;3.777;3.838;3.904;4.042;4.119;4.195;3.359;3.321;3.850;3.861;3.984;4.000;4.015;4.030;4.044;4.000;4.011;4.022;4.032;3.322
Posse;24.334;25.026;25.711;26.379;25.142;25.453;25.764;26.060;26.332;26.628;27.248;27.591;27.932;30.812;31.257;31.833;32.234;33.712;34.192;34.663;35.128;35.574;36.375;36.900;37.414;37.924;34.450
Professor Jamil;2.824;2.835;2.840;2.846;3.452;3.588;3.723;3.468;3.525;3.581;3.700;3.765;3.830;3.386;3.381;3.226;3.325;3.401;3.390;3.380;3.369;3.360;3.243;3.223;3.203;3.211;3.325
Quirinópolis;34.738;35.135;35.525;35.905;35.607;35.733;35.857;36.785;36.982;37.201;37.659;37.913;38.165;39.485;39.756;43.735;44.233;46.187;46.788;47.377;47.950;48.508;49.416;50.065;50.701;51.323;50.540
Rialma;9.030;9.111;9.202;9.290;10.255;10.568;10.877;10.364;10.483;10.610;10.876;11.023;11.169;10.855;10.911;10.547;10.571;10.899;10.935;10.969;11.003;11.036;10.896;10.918;10.940;10.961;12.054
Rianápolis;4.327;4.380;4.421;4.461;4.478;4.498;4.517;4.381;4.380;4.387;4.402;4.410;4.419;4.269;4.256;4.582;4.597;4.747;4.768;4.788;4.808;4.828;4.784;4.801;4.817;4.832;3.972
Rio Quente;820;808;794;782;1.917;1.992;2.067;2.252;2.362;2.485;2.743;2.886;3.028;3.177;3.285;3.405;3.496;3.724;3.828;3.931;4.014;4.112;4.371;4.493;4.612;4.728;3.967
Rio Verde;92.781;95.697;98.318;100.871;103.243;105.510;107.755;119.829;122.153;124.753;130.211;133.231;136.229;158.818;163.021;181.020;185.465;197.048;202.221;207.296;212.237;217.048;229.651;235.647;241.518;247.259;214.607
Rubiataba;16.658;16.635;16.612;16.589;17.326;17.387;17.447;18.255;18.382;18.519;18.806;18.965;19.122;18.583;18.618;18.979;19.041;19.661;19.747;19.832;19.914;19.994;19.815;19.882;19.947;20.012;19.803
Sanclerlândia;7.236;7.152;7.061;6.972;7.794;7.894;7.993;7.494;7.567;7.585;7.621;7.641;7.661;7.905;7.936;7.552;7.554;7.766;7.774;7.783;7.791;7.798;7.642;7.637;7.632;7.630;8.300
Santa Bárbara de Goiás;3.944;3.998;4.035;4.071;4.686;4.833;4.977;5.081;5.183;5.286;5.500;5.619;5.737;5.936;6.031;5.811;5.870;6.118;6.189;6.259;6.327;6.393;6.485;6.560;6.634;6.701;6.182
Santa Cruz de Goiás;3.301;3.329;3.360;3.390;3.019;2.937;2.856;3.492;3.514;3.534;3.577;3.601;3.624;3.663;3.680;3.117;3.093;3.144;3.119;3.095;3.071;3.048;2.892;2.855;2.819;2.782;3.107
Santa Fé de Goiás;3.511;3.498;3.486;3.475;3.490;3.483;3.477;4.151;4.201;4.256;4.370;4.434;4.497;4.812;4.882;4.814;4.865;5.073;5.134;5.194;5.253;5.309;5.393;5.459;5.523;5.585;4.985
Santa Helena de Goiás;34.350;35.267;36.233;37.174;32.894;32.817;32.740;34.697;34.840;34.977;35.265;35.424;35.582;36.198;36.336;36.617;36.760;37.994;38.188;38.378;38.563;38.743;38.485;38.648;38.808;38.962;37.193
Santa Isabel;3.792;3.751;3.689;3.629;3.550;3.474;3.400;3.554;3.530;3.501;3.441;3.407;3.374;3.580;3.575;3.693;3.701;3.814;3.825;3.836;3.847;3.857;3.803;3.809;3.815;3.821;3.510
Santa Rita do Araguaia;4.595;4.629;4.673;4.715;5.336;5.503;5.667;5.147;5.203;5.257;5.371;5.433;5.496;6.171;6.277;7.065;7.202;7.599;7.759;7.916;8.069;8.218;8.573;8.756;8.935;9.110;7.239
Santa Rita do Novo Destino;-;-;-;-;3.029;3.061;3.094;3.061;3.061;3.077;3.112;3.131;3.150;3.528;3.576;3.184;3.196;3.301;3.316;3.331;3.345;3.359;3.331;3.343;3.355;3.367;2.948
Santa Rosa de Goiás;3.963;3.954;3.941;3.928;3.622;3.545;3.469;3.490;3.457;3.414;3.325;3.276;3.227;2.841;2.765;2.860;2.813;2.823;2.772;2.722;2.673;2.626;2.388;2.319;2.252;2.200;2.810
Santa Tereza de Goiás;5.079;5.066;5.049;5.033;5.221;5.243;5.266;4.644;4.612;4.572;4.489;4.443;4.398;4.196;4.141;3.941;3.889;3.923;3.868;3.814;3.761;3.710;3.431;3.355;3.280;3.207;3.322
Santa Terezinha de Goiás;17.150;17.582;18.063;18.532;12.836;12.520;12.208;11.436;11.067;10.627;9.703;9.191;8.684;11.856;11.829;10.171;10.044;10.142;10.008;9.876;9.747;9.622;8.931;8.744;8.562;8.386;10.370
Santo Antônio da Barra;3.370;3.476;3.571;3.665;4.088;4.216;4.342;4.151;4.217;4.294;4.455;4.544;4.632;4.276;4.295;4.451;4.480;4.644;4.679;4.714;4.747;4.780;4.787;4.821;4.854;4.886;4.287
Santo Antônio de Goiás;2.051;2.097;2.147;2.196;2.555;2.656;2.756;3.240;3.341;3.450;3.680;3.806;3.932;4.129;4.230;4.826;4.945;5.253;5.391;5.527;5.659;5.787;6.123;6.283;6.440;6.593;7.448
Santo Antônio do Descoberto;35.621;37.786;38.821;39.829;53.914;60.499;67.024;56.369;59.611;63.191;70.707;74.867;78.995;57.908;58.474;64.119;64.963;67.993;69.000;69.988;70.950;71.887;73.636;74.744;75.829;76.871;68.654
São Domingos;10.436;10.561;10.666;10.768;9.252;9.054;8.858;9.516;9.490;9.422;9.280;9.201;9.123;10.116;10.156;11.398;11.520;12.016;12.163;12.307;12.448;12.585;12.791;12.949;13.103;13.305;9.710
São Francisco de Goiás;5.914;5.839;5.765;5.692;5.901;5.889;5.878;6.002;6.033;6.036;6.041;6.044;6.046;5.847;5.823;6.127;6.134;6.315;6.328;6.341;6.354;6.366;6.260;6.264;6.267;6.265;6.379
São João d'Aliança;5.187;5.224;5.272;5.320;6.183;6.371;6.558;7.112;7.077;7.235;7.567;7.751;7.933;8.642;8.830;10.527;10.789;11.467;11.771;12.070;12.360;12.643;13.387;13.740;14.085;14.423;11.275
São João da Paraúna;1.834;1.812;1.783;1.753;2.094;2.121;2.147;2.042;2.055;2.069;2.099;2.115;2.132;1.706;1.672;1.663;1.639;1.649;1.623;1.597;1.571;1.547;1.417;1.381;1.345;1.312;1.898
São Luis de Montes Belos;24.985;24.962;24.927;24.893;25.505;25.595;25.684;26.522;26.666;26.797;27.073;27.225;27.376;27.684;27.793;30.314;30.586;31.832;32.164;32.491;32.808;33.118;33.470;33.817;34.157;34.488;33.279
São Luiz do Norte;4.277;4.356;4.445;4.531;3.723;3.644;3.566;4.104;4.113;4.124;4.147;4.160;4.173;4.426;4.456;4.658;4.697;4.884;4.932;4.980;5.026;5.071;5.117;5.167;5.215;5.263;4.947
São Miguel do Araguaia;19.132;19.110;19.083;19.057;21.449;21.715;21.980;23.196;23.556;23.909;24.652;25.063;25.472;23.128;23.142;22.244;22.206;22.773;22.750;22.728;22.706;22.684;22.067;21.993;21.920;21.849;22.738
São Miguel do Passa Quatro;2.857;2.879;2.906;2.932;3.025;3.064;3.102;3.555;3.620;3.685;3.820;3.895;3.970;3.824;3.856;3.778;3.799;3.935;3.961;3.987;4.013;4.037;4.032;4.057;4.082;4.105;4.234
São Patrício;-;-;-;-;1.632;1.597;1.563;1.839;1.838;1.840;1.843;1.845;1.847;2.129;2.144;1.993;1.996;2.054;2.058;2.062;2.066;2.070;2.035;2.036;2.037;2.040;2.138
São Simão;11.037;11.042;11.017;10.994;12.711;13.098;13.482;13.810;14.069;14.309;14.812;15.091;15.367;14.308;14.373;17.359;17.622;18.493;18.804;19.110;19.407;19.697;20.297;20.645;20.985;21.318;17.619
Senador Canedo;24.788;25.438;26.134;26.814;46.578;48.551;50.505;56.614;59.249;62.100;68.086;71.399;74.687;75.297;77.511;86.848;89.176;95.018;97.719;100.367;102.947;105.459;112.224;115.371;118.451;121.447;153.522
Serranópolis;8.069;8.286;8.482;8.673;6.543;6.403;6.264;6.276;6.151;6.013;5.725;5.565;5.406;7.692;7.813;7.560;7.638;7.962;8.055;8.147;8.236;8.323;8.445;8.544;8.642;8.737;8.295
Silvânia;18.042;18.070;18.102;18.133;19.042;19.278;19.513;17.987;18.173;18.373;18.791;19.022;19.252;19.038;19.154;19.192;19.293;19.976;20.106;20.233;20.357;20.478;20.573;20.695;20.816;20.938;22.230
Simolândia;5.704;5.839;5.957;6.072;6.145;6.224;6.302;6.293;6.354;6.416;6.548;6.621;6.693;7.233;7.331;6.537;6.559;6.773;6.804;6.834;6.863;6.891;6.832;6.856;6.879;6.895;5.715
Sítio d'Abadia;2.756;2.759;2.763;2.768;2.937;2.974;3.011;2.673;2.667;2.660;2.647;2.639;2.631;3.436;3.510;2.836;2.847;2.941;2.956;2.970;2.984;2.998;2.977;2.989;3.001;3.040;2.939
Taquaral de Goiás;3.995;3.938;3.878;3.820;3.687;3.609;3.531;3.493;3.486;3.439;3.340;3.285;3.231;3.484;3.471;3.537;3.535;3.628;3.627;3.626;3.625;3.625;3.537;3.529;3.521;3.506;4.038
Teresina de Goiás;1.388;1.402;1.415;1.427;2.156;2.241;2.325;2.739;2.840;2.958;3.207;3.344;3.481;2.887;2.915;3.049;3.082;3.213;3.252;3.290;3.327;3.363;3.416;3.458;3.498;3.538;2.695
Terezópolis de Goiás;3.589;3.673;3.760;3.845;4.590;4.733;4.875;5.270;5.420;5.576;5.904;6.085;6.266;5.875;5.951;6.674;6.785;7.132;7.262;7.389;7.513;7.634;7.897;8.043;8.186;8.326;7.842
Três Ranchos;2.267;2.269;2.273;2.277;2.789;2.899;3.008;2.894;2.951;3.007;3.124;3.189;3.253;2.957;2.967;2.818;2.818;2.895;2.896;2.898;2.899;2.900;2.837;2.833;2.830;2.830;2.906
Trindade;55.880;57.539;59.115;60.651;72.139;75.194;78.222;85.245;87.427;90.199;96.016;99.235;102.430;102.870;104.979;106.256;107.966;113.447;115.470;117.454;119.385;121.266;125.328;127.599;129.823;132.006;149.167
Trombas;3.955;3.900;3.841;3.783;3.514;3.439;3.365;3.354;3.309;3.250;3.128;3.061;2.993;3.663;3.683;3.453;3.455;3.553;3.558;3.562;3.567;3.571;3.501;3.500;3.498;3.497;3.123
Turvânia;5.287;5.211;5.132;5.055;5.528;5.551;5.575;5.095;5.081;5.057;5.005;4.977;4.948;5.093;5.085;4.816;4.795;4.897;4.877;4.857;4.837;4.818;4.633;4.598;4.564;4.526;4.462
Turvelândia;2.421;2.420;2.412;2.404;3.162;3.287;3.411;3.660;3.753;3.859;4.082;4.205;4.327;4.020;4.068;4.466;4.532;4.751;4.829;4.904;4.978;5.050;5.195;5.281;5.365;5.447;4.847
Uirapuru;3.026;3.057;3.091;3.124;3.001;3.014;3.027;3.038;3.056;3.061;3.074;3.081;3.087;3.112;3.117;2.925;2.917;2.986;2.980;2.973;2.967;2.961;2.868;2.854;2.840;2.829;3.874
Uruaçu;35.141;36.105;37.093;38.057;33.672;33.593;33.514;33.464;33.446;33.407;33.325;33.280;33.235;34.411;34.470;37.190;37.443;38.854;39.172;39.483;39.787;40.082;40.217;40.532;40.840;41.150;43.728
Uruana;13.962;14.065;14.204;14.341;15.048;15.234;15.420;13.965;13.976;13.994;14.031;14.051;14.072;14.110;14.115;13.817;13.810;14.184;14.187;14.190;14.193;14.195;13.868;13.843;13.818;13.795;13.681
Urutaí;2.777;2.735;2.690;2.646;2.884;2.897;2.909;3.137;3.161;3.187;3.243;3.273;3.304;2.758;2.720;3.072;3.070;3.153;3.153;3.153;3.154;3.154;3.078;3.072;3.066;3.056;3.119
Valparaíso de Goiás;-;-;-;-;80.329;84.551;88.734;99.592;103.130;106.970;115.032;119.493;123.921;120.878;123.444;135.908;138.740;146.694;150.005;153.255;156.419;159.500;164.723;168.468;172.135;175.720;196.967
Varjão;3.361;3.304;3.250;3.197;3.472;3.487;3.502;3.503;3.539;3.548;3.568;3.579;3.589;3.782;3.806;3.670;3.681;3.798;3.813;3.827;3.842;3.856;3.816;3.827;3.838;3.848;3.720
Vianópolis;9.135;9.270;9.362;9.452;9.664;9.788;9.911;11.566;11.770;11.988;12.446;12.699;12.950;12.699;12.831;12.644;12.737;13.227;13.343;13.456;13.567;13.675;13.746;13.863;13.977;14.088;14.046
Vicentinópolis;5.384;5.481;5.592;5.700;6.094;6.284;6.472;6.103;6.179;6.255;6.415;6.503;6.591;6.091;6.093;7.475;7.576;7.933;8.053;8.171;8.286;8.397;8.611;8.743;8.873;9.002;8.776
Vila Boa;2.942;3.022;3.105;3.186;2.637;2.565;2.495;3.341;3.381;3.425;3.516;3.567;3.617;4.461;4.578;4.846;4.954;5.246;5.371;5.495;5.615;5.731;6.026;6.171;6.312;6.451;3.686
Vila Propício;-;-;-;-;3.743;3.734;3.725;4.573;4.637;4.704;4.845;4.923;5.001;5.282;5.359;5.195;5.244;5.460;5.520;5.578;5.635;5.690;5.758;5.821;5.882;5.941;5.646
